{"Best": -12144.555531430957, "Average": -12144.555531430957, "Score History": 0.24519376520544953, "_timestamp": 1665193027.7595067, "_runtime": 11907.868230819702, "_step": 130}